sensor_id,time,x,y,temperature
0,0.0,-0.5,-0.25,0.8488510267327973
0,0.048,-0.5,-0.25,0.8427954809233463
0,0.096,-0.5,-0.25,0.8368275281111224
0,0.14400000000000002,-0.5,-0.25,0.8309455198006883
0,0.192,-0.5,-0.25,0.8251478486571161
0,0.24,-0.5,-0.25,0.8194329469049809
0,0.28800000000000003,-0.5,-0.25,0.8137992848049654
0,0.336,-0.5,-0.25,0.8082453691671078
0,0.384,-0.5,-0.25,0.8027697414805149
0,0.432,-0.5,-0.25,0.7973709740314012
0,0.48,-0.5,-0.25,0.7920476614042198
0,0.528,-0.5,-0.25,0.786798406225856
0,0.5760000000000001,-0.5,-0.25,0.7816218013554681
0,0.624,-0.5,-0.25,0.7765164130249529
0,0.672,-0.5,-0.25,0.7714807692082617
0,0.72,-0.5,-0.25,0.7665133555269833
0,0.768,-0.5,-0.25,0.7616126187547758
0,0.8160000000000001,-0.5,-0.25,0.7567769764013164
0,0.864,-0.5,-0.25,0.7520048301619328
0,0.912,-0.5,-0.25,0.7472945810227939
0,0.96,-0.5,-0.25,0.742644644211605
0,1.008,-0.5,-0.25,0.7380534627259638
0,1.056,-0.5,-0.25,0.7335195186952201
0,1.104,-0.5,-0.25,0.7290413422590925
0,1.1520000000000001,-0.5,-0.25,0.7246175179552573
0,1.2,-0.5,-0.25,0.7202466888069992
0,1.248,-0.5,-0.25,0.7159275584120094
0,1.296,-0.5,-0.25,0.7116588913784134
0,1.344,-0.5,-0.25,0.7074395124554824
0,1.3920000000000001,-0.5,-0.25,0.703268304681301
0,1.44,-0.5,-0.25,0.6991442068304358
0,1.488,-0.5,-0.25,0.6950662103999801
0,1.536,-0.5,-0.25,0.691033356327734
0,1.584,-0.5,-0.25,0.6870447315949326
0,1.6320000000000001,-0.5,-0.25,0.6830994658295027
0,1.68,-0.5,-0.25,0.6791967279948992
0,1.728,-0.5,-0.25,0.6753357232240959
0,1.776,-0.5,-0.25,0.6715156898378738
0,1.824,-0.5,-0.25,0.6677358965705495
0,1.872,-0.5,-0.25,0.6639956400140754
0,1.92,-0.5,-0.25,0.660294242282368
0,1.968,-0.5,-0.25,0.6566310488911904
0,2.016,-0.5,-0.25,0.6530054268443984
0,2.064,-0.5,-0.25,0.6494167629144358
0,2.112,-0.5,-0.25,0.6458644621032242
0,2.16,-0.5,-0.25,0.6423479462687719
0,2.208,-0.5,-0.25,0.6388666529026571
0,2.2560000000000002,-0.5,-0.25,0.6354200340438378
0,2.3040000000000003,-0.5,-0.25,0.6320075553148635
0,2.352,-0.5,-0.25,0.6286286950673821
0,2.4,-0.5,-0.25,0.6252829436247856
0,2.448,-0.5,-0.25,0.6219698026108307
0,2.496,-0.5,-0.25,0.6186887843540821
0,2.544,-0.5,-0.25,0.615439411359016
0,2.592,-0.5,-0.25,0.6122212158355627
0,2.64,-0.5,-0.25,0.6090337392797563
0,2.688,-0.5,-0.25,0.6058765320989818
0,2.736,-0.5,-0.25,0.6027491532760647
0,2.7840000000000003,-0.5,-0.25,0.5996511700671333
0,2.832,-0.5,-0.25,0.5965821577288045
0,2.88,-0.5,-0.25,0.5935416992707949
0,2.928,-0.5,-0.25,0.5905293852305603
0,2.976,-0.5,-0.25,0.5875448134669972
0,3.024,-0.5,-0.25,0.584587588970638
0,3.072,-0.5,-0.25,0.581657323688108
0,3.12,-0.5,-0.25,0.5787536363589117
0,3.168,-0.5,-0.25,0.5758761523628885
0,3.216,-0.5,-0.25,0.573024503576894
0,3.2640000000000002,-0.5,-0.25,0.5701983282394798
0,3.3120000000000003,-0.5,-0.25,0.567397270822504
0,3.36,-0.5,-0.25,0.5646209819087694
0,3.408,-0.5,-0.25,0.5618691180749068
0,3.456,-0.5,-0.25,0.5591413417788422
0,3.504,-0.5,-0.25,0.556437321251282
0,3.552,-0.5,-0.25,0.5537567303907323
0,3.6,-0.5,-0.25,0.5510992486616465
0,3.648,-0.5,-0.25,0.5484645609953532
0,3.696,-0.5,-0.25,0.5458523576934716
0,3.744,-0.5,-0.25,0.5432623343335689
0,3.7920000000000003,-0.5,-0.25,0.5406941916768508
0,3.84,-0.5,-0.25,0.5381476355777131
0,3.888,-0.5,-0.25,0.5356223768950045
0,3.936,-0.5,-0.25,0.5331181314048835
0,3.984,-0.5,-0.25,0.5306346197151661
0,4.032,-0.5,-0.25,0.5281715671810802
0,4.08,-0.5,-0.25,0.5257287038223574
0,4.128,-0.5,-0.25,0.5233057642416068
0,4.176,-0.5,-0.25,0.5209024875439211
0,4.224,-0.5,-0.25,0.5185186172576787
0,4.272,-0.5,-0.25,0.5161539012565093
0,4.32,-0.5,-0.25,0.5138080916823976
0,4.368,-0.5,-0.25,0.5114809448699051
0,4.416,-0.5,-0.25,0.5091722212714912
0,4.464,-0.5,-0.25,0.5068816853839208
0,4.5120000000000005,-0.5,-0.25,0.5046091056757469
0,4.5600000000000005,-0.5,-0.25,0.5023542545158594
0,4.6080000000000005,-0.5,-0.25,0.5001169081030892
0,4.656,-0.5,-0.25,0.49789684639686393
0,4.704,-0.5,-0.25,0.49569385304890723
0,4.752,-0.5,-0.25,0.4935077153359761
0,4.8,-0.5,-0.25,0.49133822409363137
0,4.848,-0.5,-0.25,0.48918517365103575
0,4.896,-0.5,-0.25,0.48704836176677474
0,4.944,-0.5,-0.25,0.48492758956569393
0,4.992,-0.5,-0.25,0.4828226614767488
1,0.0,0.45,0.35,0.9156122352096755
1,0.048,0.45,0.35,0.9034386604264767
1,0.096,0.45,0.35,0.8916030756228547
1,0.14400000000000002,0.45,0.35,0.8800921510781716
1,0.192,0.45,0.35,0.8688932425181766
1,0.24,0.45,0.35,0.8579943476986938
1,0.28800000000000003,0.45,0.35,0.8473840662290744
1,0.336,0.45,0.35,0.8370515623596454
1,0.384,0.45,0.35,0.8269865304823649
1,0.432,0.45,0.35,0.8171791631066039
1,0.48,0.45,0.35,0.8076201210539669
1,0.528,0.45,0.35,0.7983005055752485
1,0.5760000000000001,0.45,0.35,0.7892118320909942
1,0.624,0.45,0.35,0.780346005341334
1,0.672,0.45,0.35,0.7716952958673823
1,0.72,0.45,0.35,0.7632523178621361
1,0.768,0.45,0.35,0.755010008478101
1,0.8160000000000001,0.45,0.35,0.7469616086630988
1,0.864,0.45,0.35,0.739100645542142
1,0.912,0.45,0.35,0.7314209163010494
1,0.96,0.45,0.35,0.7239164734757983
1,1.008,0.45,0.35,0.7165816115183917
1,1.056,0.45,0.35,0.7094108544953471
1,1.104,0.45,0.35,0.702398944775009
1,1.1520000000000001,0.45,0.35,0.6955408325698386
1,1.2,0.45,0.35,0.6888316662152473
1,1.248,0.45,0.35,0.6822667830840062
1,1.296,0.45,0.35,0.6758417010525359
1,1.344,0.45,0.35,0.6695521104511272
1,1.3920000000000001,0.45,0.35,0.6633938664437208
1,1.44,0.45,0.35,0.6573629817941141
1,1.488,0.45,0.35,0.6514556199844646
1,1.536,0.45,0.35,0.6456680886589754
1,1.584,0.45,0.35,0.6399968333709817
1,1.6320000000000001,0.45,0.35,0.634438431615627
1,1.68,0.45,0.35,0.6289895871332125
1,1.728,0.45,0.35,0.6236471244703751
1,1.776,0.45,0.35,0.6184079837877017
1,1.824,0.45,0.35,0.6132692159034039
1,1.872,0.45,0.35,0.6082279775633658
1,1.92,0.45,0.35,0.6032815269283616
1,1.968,0.45,0.35,0.5984272192695826
1,2.016,0.45,0.35,0.5936625028638621
1,2.064,0.45,0.35,0.5889849150801991
1,2.112,0.45,0.35,0.5843920786493648
1,2.16,0.45,0.35,0.5798816981085574
1,2.208,0.45,0.35,0.575451556413254
1,2.2560000000000002,0.45,0.35,0.5710995117086101
1,2.3040000000000003,0.45,0.35,0.5668234942529633
1,2.352,0.45,0.35,0.562621503486223
1,2.4,0.45,0.35,0.5584916052361653
1,2.448,0.45,0.35,0.554431929055896
1,2.496,0.45,0.35,0.5504406656860019
1,2.544,0.45,0.35,0.5465160646351641
1,2.592,0.45,0.35,0.5426564318732768
1,2.64,0.45,0.35,0.5388601276313678
1,2.688,0.45,0.35,0.5351255643028867
1,2.736,0.45,0.35,0.5314512044411749
1,2.7840000000000003,0.45,0.35,0.5278355588481904
1,2.832,0.45,0.35,0.5242771847498011
1,2.88,0.45,0.35,0.5207746840532003
1,2.928,0.45,0.35,0.5173267016822297
1,2.976,0.45,0.35,0.5139319239866137
1,3.024,0.45,0.35,0.5105890772213231
1,3.072,0.45,0.35,0.5072969260924918
1,3.12,0.45,0.35,0.5040542723664992
1,3.168,0.45,0.35,0.5008599535390218
1,3.216,0.45,0.35,0.4977128415610282
1,3.2640000000000002,0.45,0.35,0.4946118416188625
1,3.3120000000000003,0.45,0.35,0.49155589096571667
1,3.36,0.45,0.35,0.48854395780194226
1,3.408,0.45,0.35,0.4855750402017952
1,3.456,0.45,0.35,0.48264816508433733
1,3.504,0.45,0.35,0.47976238722634884
1,3.552,0.45,0.35,0.47691678831521994
1,3.6,0.45,0.35,0.47411047603990525
1,3.648,0.45,0.35,0.47134258321812905
1,3.696,0.45,0.35,0.4686122669581279
1,3.744,0.45,0.35,0.46591870785331146
1,3.7920000000000003,0.45,0.35,0.4632611092083102
1,3.84,0.45,0.35,0.46063869629496135
1,3.888,0.45,0.35,0.4580507156368618
1,3.936,0.45,0.35,0.4554964343211914
1,3.984,0.45,0.35,0.45297513933657657
1,4.032,0.45,0.35,0.4504861369358316
1,4.08,0.45,0.35,0.4480287520224745
1,4.128,0.45,0.35,0.4456023275599715
1,4.176,0.45,0.35,0.44320622400271953
1,4.224,0.45,0.35,0.4408398187478261
1,4.272,0.45,0.35,0.43850250560679327
1,4.32,0.45,0.35,0.4361936942962595
1,4.368,0.45,0.35,0.43391280994699344
1,4.416,0.45,0.35,0.43165929263037534
1,4.464,0.45,0.35,0.42943259690163854
1,4.5120000000000005,0.45,0.35,0.42723219135918056
1,4.5600000000000005,0.45,0.35,0.4250575582192843
1,4.6080000000000005,0.45,0.35,0.4229081929056249
1,4.656,0.45,0.35,0.420783603652965
1,4.704,0.45,0.35,0.4186833111244708
1,4.752,0.45,0.35,0.41660684804210757
1,4.8,0.45,0.35,0.41455375882959894
1,4.848,0.45,0.35,0.4125235992674574
1,4.896,0.45,0.35,0.4105159361596171
1,4.944,0.45,0.35,0.4085303470112201
1,4.992,0.45,0.35,0.4065664197171287
2,0.0,0.25,-0.45,0.2242458504209962
2,0.048,0.25,-0.45,0.22569229225751106
2,0.096,0.25,-0.45,0.22712134422803548
2,0.14400000000000002,0.25,-0.45,0.22853308998070565
2,0.192,0.25,-0.45,0.22992760074686763
2,0.24,0.25,-0.45,0.23130493712371816
2,0.28800000000000003,0.25,-0.45,0.23266515072367983
2,0.336,0.25,-0.45,0.2340082856939385
2,0.384,0.25,-0.45,0.2353343801090592
2,0.432,0.25,-0.45,0.23664346722754598
2,0.48,0.25,-0.45,0.23793557655618602
2,0.528,0.25,-0.45,0.23921073459070924
2,0.5760000000000001,0.25,-0.45,0.24046896507366136
2,0.624,0.25,-0.45,0.2417102886946647
2,0.672,0.25,-0.45,0.24293472231819777
2,0.72,0.25,-0.45,0.24414227796401786
2,0.768,0.25,-0.45,0.24533296181983721
2,0.8160000000000001,0.25,-0.45,0.24650677353145123
2,0.864,0.25,-0.45,0.2476637059277101
2,0.912,0.25,-0.45,0.24880374523773904
2,0.96,0.25,-0.45,0.24992687177394948
2,1.008,0.25,-0.45,0.2510330609987372
2,1.056,0.25,-0.45,0.2521222848655348
2,1.104,0.25,-0.45,0.25319451332016535
2,1.1520000000000001,0.25,-0.45,0.2542497158585909
2,1.2,0.25,-0.45,0.25528786305526663
2,1.248,0.25,-0.45,0.25630892799720656
2,1.296,0.25,-0.45,0.2573128875791513
2,1.344,0.25,-0.45,0.2582997236330199
2,1.3920000000000001,0.25,-0.45,0.259269423879323
2,1.44,0.25,-0.45,0.2602219826992942
2,1.488,0.25,-0.45,0.2611574017344614
2,1.536,0.25,-0.45,0.26207569032568706
2,1.584,0.25,-0.45,0.2629768658068915
2,1.6320000000000001,0.25,-0.45,0.2638609536702289
2,1.68,0.25,-0.45,0.2647279876198559
2,1.728,0.25,-0.45,0.2655780095309756
2,1.776,0.25,-0.45,0.26641106932984504
2,1.824,0.25,-0.45,0.26722722480911903
2,1.872,0.25,-0.45,0.2680265413914298
2,1.92,0.25,-0.45,0.2688090918525815
2,1.968,0.25,-0.45,0.2695749560142541
2,2.016,0.25,-0.45,0.27032422041470383
2,2.064,0.25,-0.45,0.2710569779646596
2,2.112,0.25,-0.45,0.27177332759444167
2,2.16,0.25,-0.45,0.27247337389730003
2,2.208,0.25,-0.45,0.2731572267730553
2,2.2560000000000002,0.25,-0.45,0.2738250010753418
2,2.3040000000000003,0.25,-0.45,0.27447681626507475
2,2.352,0.25,-0.45,0.27511279607218886
2,2.4,0.25,-0.45,0.2757330681672113
2,2.448,0.25,-0.45,0.2763377638438242
2,2.496,0.25,-0.45,0.27692701771323686
2,2.544,0.25,-0.45,0.2775009674109084
2,2.592,0.25,-0.45,0.2780597533159346
2,2.64,0.25,-0.45,0.27860351828323054
2,2.688,0.25,-0.45,0.2791324073884914
2,2.736,0.25,-0.45,0.27964656768579893
2,2.7840000000000003,0.25,-0.45,0.28014614797764964
2,2.832,0.25,-0.45,0.2806312985971111
2,2.88,0.25,-0.45,0.281102171201761
2,2.928,0.25,-0.45,0.2815589185790263
2,2.976,0.25,-0.45,0.28200169446251383
2,3.024,0.25,-0.45,0.28243065335890655
2,3.072,0.25,-0.45,0.28284595038499305
2,3.12,0.25,-0.45,0.28324774111439277
2,3.168,0.25,-0.45,0.2836361814335443
2,3.216,0.25,-0.45,0.28401142740652696
2,3.2640000000000002,0.25,-0.45,0.28437363514829805
2,3.3120000000000003,0.25,-0.45,0.2847229607059361
2,3.36,0.25,-0.45,0.2850595599474945
2,3.408,0.25,-0.45,0.28538358845808276
2,3.456,0.25,-0.45,0.2856952014428075
2,3.504,0.25,-0.45,0.28599455363621845
2,3.552,0.25,-0.45,0.2862817992179214
2,3.6,0.25,-0.45,0.2865570917340331
2,3.648,0.25,-0.45,0.28682058402416793
2,3.696,0.25,-0.45,0.2870724281536623
2,3.744,0.25,-0.45,0.28731277535075245
2,3.7920000000000003,0.25,-0.45,0.28754177594844027
2,3.84,0.25,-0.45,0.2877595793307895
2,3.888,0.25,-0.45,0.28796633388341136
2,3.936,0.25,-0.45,0.2881621869479074
2,3.984,0.25,-0.45,0.2883472847800517
2,4.032,0.25,-0.45,0.2885217725115038
2,4.08,0.25,-0.45,0.28868579411485357
2,4.128,0.25,-0.45,0.2888394923718129
2,4.176,0.25,-0.45,0.2889830088443738
2,4.224,0.25,-0.45,0.2891164838487649
2,4.272,0.25,-0.45,0.28924005643204687
2,4.32,0.25,-0.45,0.289353864351193
2,4.368,0.25,-0.45,0.2894580440545122
2,4.416,0.25,-0.45,0.2895527306652776
2,4.464,0.25,-0.45,0.28963805796742975
2,4.5120000000000005,0.25,-0.45,0.28971415839323356
2,4.5600000000000005,0.25,-0.45,0.28978116301277035
2,4.6080000000000005,0.25,-0.45,0.2898392015251563
2,4.656,0.25,-0.45,0.2898884022513811
2,4.704,0.25,-0.45,0.2899288921286693
2,4.752,0.25,-0.45,0.28996079670626795
2,4.8,0.25,-0.45,0.28998424014257435
2,4.848,0.25,-0.45,0.2899993452035166
2,4.896,0.25,-0.45,0.29000623326210945
2,4.944,0.25,-0.45,0.2900050242991078
2,4.992,0.25,-0.45,0.2899958369046877
3,0.0,0.0,0.0,0.5368927565775085
3,0.048,0.0,0.0,0.5388604078730526
3,0.096,0.0,0.0,0.5407257482611666
3,0.14400000000000002,0.0,0.0,0.5424916151295492
3,0.192,0.0,0.0,0.5441608138208542
3,0.24,0.0,0.0,0.5457361124137095
3,0.28800000000000003,0.0,0.0,0.5472202373109496
3,0.336,0.0,0.0,0.5486158695460469
3,0.384,0.0,0.0,0.5499256417274655
3,0.432,0.0,0.0,0.5511521355486536
3,0.48,0.0,0.0,0.5522978797986535
3,0.528,0.0,0.0,0.5533653488149085
3,0.5760000000000001,0.0,0.0,0.5543569613258401
3,0.624,0.0,0.0,0.5552750796361835
3,0.672,0.0,0.0,0.5561220091129753
3,0.72,0.0,0.0,0.5568999979345151
3,0.768,0.0,0.0,0.5576112370686127
3,0.8160000000000001,0.0,0.0,0.5582578604500361
3,0.864,0.0,0.0,0.5588419453303111
3,0.912,0.0,0.0,0.5593655127759418
3,0.96,0.0,0.0,0.559830528293736
3,1.008,0.0,0.0,0.5602389025642636
3,1.056,0.0,0.0,0.5605924922665769
3,1.104,0.0,0.0,0.5608931009791893
3,1.1520000000000001,0.0,0.0,0.5611424801439678
3,1.2,0.0,0.0,0.5613423300810785
3,1.248,0.0,0.0,0.561494301044429
3,1.296,0.0,0.0,0.5615999943082275
3,1.344,0.0,0.0,0.5616609632763289
3,1.3920000000000001,0.0,0.0,0.5616787146069904
3,1.44,0.0,0.0,0.5616547093465344
3,1.488,0.0,0.0,0.5615903640662161
3,1.536,0.0,0.0,0.5614870519973412
3,1.584,0.0,0.0,0.5613461041603657
3,1.6320000000000001,0.0,0.0,0.5611688104843572
3,1.68,0.0,0.0,0.5609564209137772
3,1.728,0.0,0.0,0.5607101465000899
3,1.776,0.0,0.0,0.5604311604761837
3,1.824,0.0,0.0,0.5601205993120281
3,1.872,0.0,0.0,0.5597795637503655
3,1.92,0.0,0.0,0.5594091198215707
3,1.968,0.0,0.0,0.5590102998370842
3,2.016,0.0,0.0,0.5585841033610657
3,2.064,0.0,0.0,0.5581314981600983
3,2.112,0.0,0.0,0.5576534211309303
3,2.16,0.0,0.0,0.5571507792063579
3,2.208,0.0,0.0,0.5566244502394437
3,2.2560000000000002,0.0,0.0,0.5560752838663295
3,2.3040000000000003,0.0,0.0,0.5555041023479479
3,2.352,0.0,0.0,0.5549117013909665
3,2.4,0.0,0.0,0.5542988509483133
3,2.448,0.0,0.0,0.5536662959996418
3,2.496,0.0,0.0,0.5530147573120903
3,2.544,0.0,0.0,0.5523449321816883
3,2.592,0.0,0.0,0.551657495155755
3,2.64,0.0,0.0,0.5509530987366225
3,2.688,0.0,0.0,0.5502323740670101
3,2.736,0.0,0.0,0.5494959315973681
3,2.7840000000000003,0.0,0.0,0.5487443617354929
3,2.832,0.0,0.0,0.5479782354787187
3,2.88,0.0,0.0,0.5471981050289773
3,2.928,0.0,0.0,0.5464045043910164
3,2.976,0.0,0.0,0.5455979499540624
3,3.024,0.0,0.0,0.5447789410572137
3,3.072,0.0,0.0,0.5439479605388472
3,3.12,0.0,0.0,0.5431054752703239
3,3.168,0.0,0.0,0.5422519366742788
3,3.216,0.0,0.0,0.541387781227783
3,3.2640000000000002,0.0,0.0,0.5405134309506668
3,3.3120000000000003,0.0,0.0,0.5396292938792989
3,3.36,0.0,0.0,0.5387357645261119
3,3.408,0.0,0.0,0.5378332243251774
3,3.456,0.0,0.0,0.5369220420641253
3,3.504,0.0,0.0,0.5360025743027129
3,3.552,0.0,0.0,0.535075165778346
3,3.6,0.0,0.0,0.5341401497988567
3,3.648,0.0,0.0,0.5331978486228455
3,3.696,0.0,0.0,0.5322485738278925
3,3.744,0.0,0.0,0.5312926266669457
3,3.7920000000000003,0.0,0.0,0.5303302984131897
3,3.84,0.0,0.0,0.5293618706937027
3,3.888,0.0,0.0,0.5283876158122006
3,3.936,0.0,0.0,0.5274077970611726
3,3.984,0.0,0.0,0.5264226690237032
3,4.032,0.0,0.0,0.5254324778652782
3,4.08,0.0,0.0,0.5244374616158641
3,4.128,0.0,0.0,0.5234378504425474
3,4.176,0.0,0.0,0.5224338669130214
3,4.224,0.0,0.0,0.5214257262501929
3,4.272,0.0,0.0,0.520413636578187
3,4.32,0.0,0.0,0.5193977991600162
3,4.368,0.0,0.0,0.518378408627178
3,4.416,0.0,0.0,0.5173556532014368
3,4.464,0.0,0.0,0.5163297149090444
3,4.5120000000000005,0.0,0.0,0.5153007697876425
3,4.5600000000000005,0.0,0.0,0.5142689880860883
3,4.6080000000000005,0.0,0.0,0.5132345344574382
3,4.656,0.0,0.0,0.5121975681453145
3,4.704,0.0,0.0,0.5111582431638809
3,4.752,0.0,0.0,0.5101167084716391
3,4.8,0.0,0.0,0.509073108139257
3,4.848,0.0,0.0,0.508027581511634
3,4.896,0.0,0.0,0.506980263364398
3,4.944,0.0,0.0,0.5059312840550282
3,4.992,0.0,0.0,0.5048807696687876
4,0.0,-0.75,0.75,0.0020490614988879635
4,0.048,-0.75,0.75,0.0021441462318911543
4,0.096,-0.75,0.75,0.002241930578400825
4,0.14400000000000002,-0.75,0.75,0.002342434503777717
4,0.192,-0.75,0.75,0.0024456254892308324
4,0.24,-0.75,0.75,0.002551318696910199
4,0.28800000000000003,-0.75,0.75,0.0026592230475945195
4,0.336,-0.75,0.75,0.002769067674252896
4,0.384,-0.75,0.75,0.0028806657612905576
4,0.432,-0.75,0.75,0.0029939171349743013
4,0.48,-0.75,0.75,0.003108787184079171
4,0.528,-0.75,0.75,0.0032252836203014593
4,0.5760000000000001,-0.75,0.75,0.0033434382169228918
4,0.624,-0.75,0.75,0.003463294305007248
4,0.672,-0.75,0.75,0.0035848988667579016
4,0.72,-0.75,0.75,0.0037082978381876735
4,0.768,-0.75,0.75,0.0038335335032949284
4,0.8160000000000001,-0.75,0.75,0.003960643192353708
4,0.864,-0.75,0.75,0.00408965876434036
4,0.912,-0.75,0.75,0.0042206065427265954
4,0.96,-0.75,0.75,0.0043535074996283235
4,1.008,-0.75,0.75,0.0044883775640812765
4,1.056,-0.75,0.75,0.0046252279810146315
4,1.104,-0.75,0.75,0.004764065678947278
4,1.1520000000000001,-0.75,0.75,0.004904893623633455
4,1.2,-0.75,0.75,0.005047711146421453
4,1.248,-0.75,0.75,0.005192514242873992
4,1.296,-0.75,0.75,0.005339295841062909
4,1.344,-0.75,0.75,0.005488046041037476
4,1.3920000000000001,-0.75,0.75,0.00563875232798561
4,1.44,-0.75,0.75,0.0057913997619998
4,1.488,-0.75,0.75,0.005945971147394657
4,1.536,-0.75,0.75,0.0061024471843651885
4,1.584,-0.75,0.75,0.006260806605522966
4,1.6320000000000001,-0.75,0.75,0.006421026299559684
4,1.68,-0.75,0.75,0.006583081423997475
4,1.728,-0.75,0.75,0.006746945508710637
4,1.776,-0.75,0.75,0.006912590551653143
4,1.824,-0.75,0.75,0.007079987108003532
4,1.872,-0.75,0.75,0.0072491043737439465
4,1.92,-0.75,0.75,0.00741991026452164
4,1.968,-0.75,0.75,0.007592371490496884
4,2.016,-0.75,0.75,0.007766453627758393
4,2.064,-0.75,0.75,0.007942121186783344
4,2.112,-0.75,0.75,0.008119337678331477
4,2.16,-0.75,0.75,0.008298065677089224
4,2.208,-0.75,0.75,0.00847826688331834
4,2.2560000000000002,-0.75,0.75,0.008659902182712353
4,2.3040000000000003,-0.75,0.75,0.00884293170462163
4,2.352,-0.75,0.75,0.009027314878772896
4,2.4,-0.75,0.75,0.009213010490580107
4,2.448,-0.75,0.75,0.009399976735120122
4,2.496,-0.75,0.75,0.009588171269827469
4,2.544,-0.75,0.75,0.009777551265947126
4,2.592,-0.75,0.75,0.00996807345877198
4,2.64,-0.75,0.75,0.010159694196681996
4,2.688,-0.75,0.75,0.010352369488994699
4,2.736,-0.75,0.75,0.010546055052630902
4,2.7840000000000003,-0.75,0.75,0.01074070635759552
4,2.832,-0.75,0.75,0.010936278671270474
4,2.88,-0.75,0.75,0.011132727101514769
4,2.928,-0.75,0.75,0.011330006638565917
4,2.976,-0.75,0.75,0.011528072195736478
4,3.024,-0.75,0.75,0.011726878648899748
4,3.072,-0.75,0.75,0.01192638087475931
4,3.12,-0.75,0.75,0.012126533787898072
4,3.168,-0.75,0.75,0.012327292376603743
4,3.216,-0.75,0.75,0.012528611737469128
4,3.2640000000000002,-0.75,0.75,0.012730447108767126
4,3.3120000000000003,-0.75,0.75,0.012932753902602094
4,3.36,-0.75,0.75,0.013135487735840813
4,3.408,-0.75,0.75,0.013338604459828129
4,3.456,-0.75,0.75,0.013542060188893992
4,3.504,-0.75,0.75,0.013745811327660304
4,3.552,-0.75,0.75,0.013949814597157635
4,3.6,-0.75,0.75,0.014154027059763428
4,3.648,-0.75,0.75,0.014358406142974778
4,3.696,-0.75,0.75,0.014562909662030372
4,3.744,-0.75,0.75,0.014767495841397367
4,3.7920000000000003,-0.75,0.75,0.01497212333514036
4,3.84,-0.75,0.75,0.015176751246190662
4,3.888,-0.75,0.75,0.015381339144535143
4,3.936,-0.75,0.75,0.01558584708434492
4,3.984,-0.75,0.75,0.015790235620064957
4,4.032,-0.75,0.75,0.01599446582148647
4,4.08,-0.75,0.75,0.016198499287824665
4,4.128,-0.75,0.75,0.016402298160824988
4,4.176,-0.75,0.75,0.0166058251369215
4,4.224,-0.75,0.75,0.01680904347847147
4,4.272,-0.75,0.75,0.017011917024090658
4,4.32,-0.75,0.75,0.01721441019811395
4,4.368,-0.75,0.75,0.01741648801920629
4,4.416,-0.75,0.75,0.017618116108149007
4,4.464,-0.75,0.75,0.01781926069482662
4,4.5120000000000005,-0.75,0.75,0.018019888624439356
4,4.5600000000000005,-0.75,0.75,0.018219967362966508
4,4.6080000000000005,-0.75,0.75,0.01841946500190566
4,4.656,-0.75,0.75,0.01861835026231277
4,4.704,-0.75,0.75,0.018816592498167847
4,4.752,-0.75,0.75,0.019014161699090766
4,4.8,-0.75,0.75,0.01921102849243153
4,4.848,-0.75,0.75,0.01940716414475904
4,4.896,-0.75,0.75,0.019602540562772015
4,4.944,-0.75,0.75,0.019797130293655502
4,4.992,-0.75,0.75,0.019990906524905937
5,0.0,0.75,-0.75,0.0020490614988879635
5,0.048,0.75,-0.75,0.0021441462318911543
5,0.096,0.75,-0.75,0.002241930578400825
5,0.14400000000000002,0.75,-0.75,0.002342434503777717
5,0.192,0.75,-0.75,0.0024456254892308324
5,0.24,0.75,-0.75,0.002551318696910199
5,0.28800000000000003,0.75,-0.75,0.0026592230475945195
5,0.336,0.75,-0.75,0.002769067674252896
5,0.384,0.75,-0.75,0.0028806657612905576
5,0.432,0.75,-0.75,0.0029939171349743013
5,0.48,0.75,-0.75,0.003108787184079171
5,0.528,0.75,-0.75,0.0032252836203014593
5,0.5760000000000001,0.75,-0.75,0.0033434382169228918
5,0.624,0.75,-0.75,0.003463294305007248
5,0.672,0.75,-0.75,0.0035848988667579016
5,0.72,0.75,-0.75,0.0037082978381876735
5,0.768,0.75,-0.75,0.0038335335032949284
5,0.8160000000000001,0.75,-0.75,0.003960643192353708
5,0.864,0.75,-0.75,0.00408965876434036
5,0.912,0.75,-0.75,0.0042206065427265954
5,0.96,0.75,-0.75,0.0043535074996283235
5,1.008,0.75,-0.75,0.0044883775640812765
5,1.056,0.75,-0.75,0.0046252279810146315
5,1.104,0.75,-0.75,0.004764065678947278
5,1.1520000000000001,0.75,-0.75,0.004904893623633455
5,1.2,0.75,-0.75,0.005047711146421453
5,1.248,0.75,-0.75,0.005192514242873992
5,1.296,0.75,-0.75,0.005339295841062909
5,1.344,0.75,-0.75,0.005488046041037476
5,1.3920000000000001,0.75,-0.75,0.00563875232798561
5,1.44,0.75,-0.75,0.0057913997619998
5,1.488,0.75,-0.75,0.005945971147394657
5,1.536,0.75,-0.75,0.0061024471843651885
5,1.584,0.75,-0.75,0.006260806605522966
5,1.6320000000000001,0.75,-0.75,0.006421026299559684
5,1.68,0.75,-0.75,0.006583081423997475
5,1.728,0.75,-0.75,0.006746945508710637
5,1.776,0.75,-0.75,0.006912590551653143
5,1.824,0.75,-0.75,0.007079987108003532
5,1.872,0.75,-0.75,0.0072491043737439465
5,1.92,0.75,-0.75,0.00741991026452164
5,1.968,0.75,-0.75,0.007592371490496884
5,2.016,0.75,-0.75,0.007766453627758393
5,2.064,0.75,-0.75,0.007942121186783344
5,2.112,0.75,-0.75,0.008119337678331477
5,2.16,0.75,-0.75,0.008298065677089224
5,2.208,0.75,-0.75,0.00847826688331834
5,2.2560000000000002,0.75,-0.75,0.008659902182712353
5,2.3040000000000003,0.75,-0.75,0.00884293170462163
5,2.352,0.75,-0.75,0.009027314878772896
5,2.4,0.75,-0.75,0.009213010490580107
5,2.448,0.75,-0.75,0.009399976735120122
5,2.496,0.75,-0.75,0.009588171269827469
5,2.544,0.75,-0.75,0.009777551265947126
5,2.592,0.75,-0.75,0.00996807345877198
5,2.64,0.75,-0.75,0.010159694196681996
5,2.688,0.75,-0.75,0.010352369488994699
5,2.736,0.75,-0.75,0.010546055052630902
5,2.7840000000000003,0.75,-0.75,0.01074070635759552
5,2.832,0.75,-0.75,0.010936278671270474
5,2.88,0.75,-0.75,0.011132727101514769
5,2.928,0.75,-0.75,0.011330006638565917
5,2.976,0.75,-0.75,0.011528072195736478
5,3.024,0.75,-0.75,0.011726878648899748
5,3.072,0.75,-0.75,0.01192638087475931
5,3.12,0.75,-0.75,0.012126533787898072
5,3.168,0.75,-0.75,0.012327292376603743
5,3.216,0.75,-0.75,0.012528611737469128
5,3.2640000000000002,0.75,-0.75,0.012730447108767126
5,3.3120000000000003,0.75,-0.75,0.012932753902602094
5,3.36,0.75,-0.75,0.013135487735840813
5,3.408,0.75,-0.75,0.013338604459828129
5,3.456,0.75,-0.75,0.013542060188893992
5,3.504,0.75,-0.75,0.013745811327660304
5,3.552,0.75,-0.75,0.013949814597157635
5,3.6,0.75,-0.75,0.014154027059763428
5,3.648,0.75,-0.75,0.014358406142974778
5,3.696,0.75,-0.75,0.014562909662030372
5,3.744,0.75,-0.75,0.014767495841397367
5,3.7920000000000003,0.75,-0.75,0.01497212333514036
5,3.84,0.75,-0.75,0.015176751246190662
5,3.888,0.75,-0.75,0.015381339144535143
5,3.936,0.75,-0.75,0.01558584708434492
5,3.984,0.75,-0.75,0.015790235620064957
5,4.032,0.75,-0.75,0.01599446582148647
5,4.08,0.75,-0.75,0.016198499287824665
5,4.128,0.75,-0.75,0.016402298160824988
5,4.176,0.75,-0.75,0.0166058251369215
5,4.224,0.75,-0.75,0.01680904347847147
5,4.272,0.75,-0.75,0.017011917024090658
5,4.32,0.75,-0.75,0.01721441019811395
5,4.368,0.75,-0.75,0.01741648801920629
5,4.416,0.75,-0.75,0.017618116108149007
5,4.464,0.75,-0.75,0.01781926069482662
5,4.5120000000000005,0.75,-0.75,0.018019888624439356
5,4.5600000000000005,0.75,-0.75,0.018219967362966508
5,4.6080000000000005,0.75,-0.75,0.01841946500190566
5,4.656,0.75,-0.75,0.01861835026231277
5,4.704,0.75,-0.75,0.018816592498167847
5,4.752,0.75,-0.75,0.019014161699090766
5,4.8,0.75,-0.75,0.01921102849243153
5,4.848,0.75,-0.75,0.01940716414475904
5,4.896,0.75,-0.75,0.019602540562772015
5,4.944,0.75,-0.75,0.019797130293655502
5,4.992,0.75,-0.75,0.019990906524905937
6,0.0,0.75,0.75,0.054349506154891834
6,0.048,0.75,0.75,0.055938489634129236
6,0.096,0.75,0.75,0.05751183967694739
6,0.14400000000000002,0.75,0.75,0.059068619836501725
6,0.192,0.75,0.75,0.060607132071589326
6,0.24,0.75,0.75,0.062123386824471015
6,0.28800000000000003,0.75,0.75,0.0636120295856203
6,0.336,0.75,0.75,0.06506839523548504
6,0.384,0.75,0.75,0.0664894079819637
6,0.432,0.75,0.75,0.0678734928279001
6,0.48,0.75,0.75,0.06922015661848485
6,0.528,0.75,0.75,0.07052957933602712
6,0.5760000000000001,0.75,0.75,0.07180231270821723
6,0.624,0.75,0.75,0.07303908464170744
6,0.672,0.75,0.75,0.07424068247990706
6,0.72,0.75,0.75,0.07540788850882153
6,0.768,0.75,0.75,0.07654144786054015
6,0.8160000000000001,0.75,0.75,0.07764205552154682
6,0.864,0.75,0.75,0.07871035404398616
6,0.912,0.75,0.75,0.07974693684655428
6,0.96,0.75,0.75,0.08075235408968497
6,1.008,0.75,0.75,0.08172711940671959
6,1.056,0.75,0.75,0.0826717165566653
6,1.104,0.75,0.75,0.08358660552839395
6,1.1520000000000001,0.75,0.75,0.08447222789476971
6,1.2,0.75,0.75,0.08532901136577546
6,1.248,0.75,0.75,0.08615737356998769
6,1.296,0.75,0.75,0.0869577251328236
6,1.344,0.75,0.75,0.0877304721354335
6,1.3920000000000001,0.75,0.75,0.08847601804046591
6,1.44,0.75,0.75,0.08919476516642971
6,1.488,0.75,0.75,0.08988711578465694
6,1.536,0.75,0.75,0.09055347290400267
6,1.584,0.75,0.75,0.09119424079954397
6,1.6320000000000001,0.75,0.75,0.0918098253332396
6,1.68,0.75,0.75,0.0924006341070504
6,1.728,0.75,0.75,0.09296707648247494
6,1.776,0.75,0.75,0.09350956349480863
6,1.824,0.75,0.75,0.0940285076856183
6,1.872,0.75,0.75,0.09452432287284862
6,1.92,0.75,0.75,0.09499742387454779
6,1.968,0.75,0.75,0.09544822619932718
6,2.016,0.75,0.75,0.09587714571426988
6,2.064,0.75,0.75,0.09628459829900353
6,2.112,0.75,0.75,0.09667099949298862
6,2.16,0.75,0.75,0.0970367641416927
6,2.208,0.75,0.75,0.09738230604617362
6,2.2560000000000002,0.75,0.75,0.09770803761964596
6,2.3040000000000003,0.75,0.75,0.09801436955381787
6,2.352,0.75,0.75,0.0983017104971375
6,2.4,0.75,0.75,0.09857046674655078
6,2.448,0.75,0.75,0.09882104195393247
6,2.496,0.75,0.75,0.09905383684798981
6,2.544,0.75,0.75,0.0992692489721411
6,2.592,0.75,0.75,0.0994676724386303
6,2.64,0.75,0.75,0.09964949769894223
6,2.688,0.75,0.75,0.0998151113304244
6,2.736,0.75,0.75,0.09996489583889523
6,2.7840000000000003,0.75,0.75,0.10009922947691759
6,2.832,0.75,0.75,0.10021848607733837
6,2.88,0.75,0.75,0.10032303490163437
6,2.928,0.75,0.75,0.10041324050255941
6,2.976,0.75,0.75,0.1004894626005553
6,3.024,0.75,0.75,0.10055205597336643
6,3.072,0.75,0.75,0.10060137035828429
6,3.12,0.75,0.75,0.10063775036644124
6,3.168,0.75,0.75,0.10066153540857192
6,3.216,0.75,0.75,0.10067305963166394
6,3.2640000000000002,0.75,0.75,0.10067265186592728
6,3.3120000000000003,0.75,0.75,0.10066063558152191
6,3.36,0.75,0.75,0.10063732885449589
6,3.408,0.75,0.75,0.1006030443414008
6,3.456,0.75,0.75,0.10055808926206748
6,3.504,0.75,0.75,0.10050276539004185
6,3.552,0.75,0.75,0.10043736905019864
6,3.6,0.75,0.75,0.10036219112306863
6,3.648,0.75,0.75,0.10027751705543417
6,3.696,0.75,0.75,0.10018362687676545
6,3.744,0.75,0.75,0.10008079522108959
6,3.7920000000000003,0.75,0.75,0.09996929135390162
6,3.84,0.75,0.75,0.09984937920374595
6,3.888,0.75,0.75,0.09972131739811342
6,3.936,0.75,0.75,0.09958535930331702
6,3.984,0.75,0.75,0.09944175306802609
6,4.032,0.75,0.75,0.09929074167015485
6,4.08,0.75,0.75,0.0991325629668176
6,4.128,0.75,0.75,0.0989674497470775
6,4.176,0.75,0.75,0.09879562978723097
6,4.224,0.75,0.75,0.09861732590838425
6,4.272,0.75,0.75,0.09843275603609139
6,4.32,0.75,0.75,0.09824213326183716
6,4.368,0.75,0.75,0.09804566590615993
6,4.416,0.75,0.75,0.09784355758322225
6,4.464,0.75,0.75,0.09763600726664787
6,4.5120000000000005,0.75,0.75,0.09742320935645524
6,4.5600000000000005,0.75,0.75,0.09720535374692771
6,4.6080000000000005,0.75,0.75,0.09698262589527074
6,4.656,0.75,0.75,0.09675520689091584
6,4.704,0.75,0.75,0.09652327352534015
6,4.752,0.75,0.75,0.09628699836227879
6,4.8,0.75,0.75,0.09604654980821559
6,4.848,0.75,0.75,0.09580209218304547
6,4.896,0.75,0.75,0.09555378579080896
6,4.944,0.75,0.75,0.09530178699040623
6,4.992,0.75,0.75,0.09504624826620488
7,0.0,-0.75,-0.75,0.19429066372477705
7,0.048,-0.75,-0.75,0.19534902578182126
7,0.096,-0.75,-0.75,0.19638075122426732
7,0.14400000000000002,-0.75,-0.75,0.19738594916433153
7,0.192,-0.75,-0.75,0.19835749465786195
7,0.24,-0.75,-0.75,0.19926892403845656
7,0.28800000000000003,-0.75,-0.75,0.20008393847665695
7,0.336,-0.75,-0.75,0.20077407435226438
7,0.384,-0.75,-0.75,0.20132532939128345
7,0.432,-0.75,-0.75,0.20173628888155895
7,0.48,-0.75,-0.75,0.20201381477132968
7,0.528,-0.75,-0.75,0.20216919940674027
7,0.5760000000000001,-0.75,-0.75,0.20221548967213207
7,0.624,-0.75,-0.75,0.20216585778625296
7,0.672,-0.75,-0.75,0.2020327138763655
7,0.72,-0.75,-0.75,0.2018272898417355
7,0.768,-0.75,-0.75,0.20155950176563173
7,0.8160000000000001,-0.75,-0.75,0.20123796621384385
7,0.864,-0.75,-0.75,0.20087009424565128
7,0.912,-0.75,-0.75,0.20046221856387916
7,0.96,-0.75,-0.75,0.20001972884545538
7,1.008,-0.75,-0.75,0.1995472020770217
7,1.056,-0.75,-0.75,0.19904852160522613
7,1.104,-0.75,-0.75,0.19852698251482226
7,1.1520000000000001,-0.75,-0.75,0.1979853830722065
7,1.2,-0.75,-0.75,0.19742610305450645
7,1.248,-0.75,-0.75,0.19685117026936802
7,1.296,-0.75,-0.75,0.19626231672298652
7,1.344,-0.75,-0.75,0.1956610258694354
7,1.3920000000000001,-0.75,-0.75,0.1950485722631741
7,1.44,-0.75,-0.75,0.19442605478987854
7,1.488,-0.75,-0.75,0.19379442449646395
7,1.536,-0.75,-0.75,0.19315450789388666
7,1.584,-0.75,-0.75,0.19250702647278364
7,1.6320000000000001,-0.75,-0.75,0.19185261305465814
7,1.68,-0.75,-0.75,0.19119182550021238
7,1.728,-0.75,-0.75,0.1905251582104572
7,1.776,-0.75,-0.75,0.18985305178378117
7,1.824,-0.75,-0.75,0.1891759011314738
7,1.872,-0.75,-0.75,0.18849406230356833
7,1.92,-0.75,-0.75,0.18780785823474308
7,1.968,-0.75,-0.75,0.1871175835850211
7,2.016,-0.75,-0.75,0.18642350882095546
7,2.064,-0.75,-0.75,0.18572588365887663
7,2.112,-0.75,-0.75,0.18502493997176264
7,2.16,-0.75,-0.75,0.18432089424467007
7,2.208,-0.75,-0.75,0.18361394964984554
7,2.2560000000000002,-0.75,-0.75,0.18290429780114098
7,2.3040000000000003,-0.75,-0.75,0.18219212023777998
7,2.352,-0.75,-0.75,0.18147758967953545
7,2.4,-0.75,-0.75,0.1807608710887109
7,2.448,-0.75,-0.75,0.18004212256874072
7,2.496,-0.75,-0.75,0.17932149612455586
7,2.544,-0.75,-0.75,0.17859913830594712
7,2.592,-0.75,-0.75,0.17787519075187144
7,2.64,-0.75,-0.75,0.17714979065088313
7,2.688,-0.75,-0.75,0.17642307113054612
7,2.736,-0.75,-0.75,0.17569516158672288
7,2.7840000000000003,-0.75,-0.75,0.17496618796197994
7,2.832,-0.75,-0.75,0.17423627298095265
7,2.88,-0.75,-0.75,0.17350553634932772
7,2.928,-0.75,-0.75,0.17277409492210116
7,2.976,-0.75,-0.75,0.1720420628459185
7,3.024,-0.75,-0.75,0.17130955167958423
7,3.072,-0.75,-0.75,0.1705766704962144
7,3.12,-0.75,-0.75,0.16984352596998528
7,3.168,-0.75,-0.75,0.16911022244998852
7,3.216,-0.75,-0.75,0.1683768620233248
7,3.2640000000000002,-0.75,-0.75,0.16764354456924796
7,3.3120000000000003,-0.75,-0.75,0.16691036780589544
7,3.36,-0.75,-0.75,0.16617742733090896
7,3.408,-0.75,-0.75,0.16544481665704813
7,3.456,-0.75,-0.75,0.16471262724373067
7,3.504,-0.75,-0.75,0.16398094852528608
7,3.552,-0.75,-0.75,0.16324986793658722
7,3.6,-0.75,-0.75,0.16251947093661603
7,3.648,-0.75,-0.75,0.1617898410304312
7,3.696,-0.75,-0.75,0.16106105978992688
7,3.744,-0.75,-0.75,0.16033320687370647
7,3.7920000000000003,-0.75,-0.75,0.15960636004633888
7,3.84,-0.75,-0.75,0.15888059519721706
7,3.888,-0.75,-0.75,0.15815598635919803
7,3.936,-0.75,-0.75,0.15743260572716875
7,3.984,-0.75,-0.75,0.156710523676653
7,4.032,-0.75,-0.75,0.1559898087825497
7,4.08,-0.75,-0.75,0.15527052783807194
7,4.128,-0.75,-0.75,0.1545527458739383
7,4.176,-0.75,-0.75,0.15383652617785368
7,4.224,-0.75,-0.75,0.15312193031430335
7,4.272,-0.75,-0.75,0.1524090181446751
7,4.32,-0.75,-0.75,0.15169784784771448
7,4.368,-0.75,-0.75,0.1509884759403116
7,4.416,-0.75,-0.75,0.15028095729861227
7,4.464,-0.75,-0.75,0.14957534517944213
7,4.5120000000000005,-0.75,-0.75,0.14887169124202698
7,4.5600000000000005,-0.75,-0.75,0.14817004556999178
7,4.6080000000000005,-0.75,-0.75,0.14747045669361733
7,4.656,-0.75,-0.75,0.14677297161233213
7,4.704,-0.75,-0.75,0.1460776358174159
7,4.752,-0.75,-0.75,0.14538449331489095
7,4.8,-0.75,-0.75,0.14469358664857593
7,4.848,-0.75,-0.75,0.14400495692327814
7,4.896,-0.75,-0.75,0.14331864382809878
7,4.944,-0.75,-0.75,0.14263468565982793
7,4.992,-0.75,-0.75,0.14195311934640403
